templateID,replyToAddress,userID,dateModified,fromAddress,deliveryType,subject,dateAdded,campaignIDs,clicks,uniqueViews,bounces,forwards,recipients,uniqueForwards,clickToViewRate,sendingIssues,webViews,complaints,shares,uniqueClicks,unsubscribes,uniqueWebViews,views,uniqueShares,parentEmailID,status,dateScheduled,confirmed,abSplitID,fromName,emailID,replyToName,title,dateSent
20767,"noreply@ballsfoods.com",47845,"2024-03-05T22:06:16","noreply@ballsfoods.com","Manual","Are you still in?","2024-02-12T22:23:10","17921",69,107,7,0,473,0,0.5,0,3,2,0,54,19,2,160,0,"","Sent","",0,"","Payless Discount Foods",42673852,"Payless Discount Foods","repermission English","2024-03-06T12:00:25"
20767,"noreply@ballsfoods.com",47845,"2024-03-12T19:34:20","noreply@ballsfoods.com","Manual","🍀🥘 St. Patrick's Day Meal","2024-03-12T18:33:13","17921",13,25,0,0,46,0,0.3,0,0,0,0,8,0,0,47,0,"","Sent","",0,"","Payless Discount Foods",43073199,"Payless Discount Foods","3.13. English","2024-03-13T11:00:21"
20767,"noreply@ballsfoods.com",47845,"2024-03-15T21:42:10","noreply@ballsfoods.com","Manual","🏀 Hoop it up and SAVE!","2024-03-15T21:09:58","17921",24,26,0,0,46,0,0.7,0,0,0,0,17,0,0,56,0,"","Sent","",0,"","Payless Discount Foods",43122085,"Payless Discount Foods","3.18.24 English monthly ad","2024-03-18T11:00:14"
20767,"noreply@ballsfoods.com",47845,"2024-03-19T23:02:33","noreply@ballsfoods.com","Manual","🧊 Myths & Facts About Frozen Foods","2024-03-19T20:48:47","17921",16,22,0,0,46,0,0.5,0,0,0,0,11,0,0,44,0,"","Sent","",0,"","Payless Discount Foods",43180870,"Payless Discount Foods","3.20.24 English monthly ad","2024-03-20T11:00:19"
20767,"noreply@ballsfoods.com",47845,"2024-03-20T00:47:18","noreply@ballsfoods.com","Manual","🥾 Kick-Start your weekend!","2024-03-19T23:54:41","17921",17,22,0,0,46,0,0.5,0,0,0,0,11,0,0,42,0,"","Sent","",0,"","Payless Discount Foods",43183514,"Payless Discount Foods","3.22.24 weekend ad","2024-03-22T16:00:06"
20767,"noreply@ballsfoods.com",47845,"2024-03-26T23:33:46","noreply@ballsfoods.com","Manual","🙂 Find an Always Save® product at a price you can smile about, guaranteed!","2024-03-26T22:30:11","17921",17,28,0,0,46,0,0.5,0,0,0,0,15,0,0,45,0,"","Sent","",0,"","Payless Discount Foods",43250579,"Payless Discount Foods","3.27.24 English Wed ad","2024-03-27T11:00:20"
20767,"noreply@ballsfoods.com",47845,"2024-04-02T22:13:06","noreply@ballsfoods.com","Manual","🌷🌼 Hello Spring!","2024-04-02T21:42:00","17921",25,30,0,0,46,0,0.5,0,2,0,0,16,0,2,45,0,"","Sent","",0,"","Payless Discount Foods",43304225,"Payless Discount Foods","4.3.24 English Wed ad","2024-04-03T11:00:07"
20767,"noreply@ballsfoods.com",47845,"2024-04-10T00:20:16","noreply@ballsfoods.com","Manual","Why we ❤️ National Food Month","2024-04-09T22:58:53","17921",13,30,2,0,98,0,0.4,0,1,0,0,11,0,1,40,0,"","Sent","",0,"","Payless Discount Foods",43354558,"Payless Discount Foods","4.9.24 English Wed ad","2024-04-10T11:00:39"
20767,"noreply@ballsfoods.com",47845,"2024-04-12T17:21:42","noreply@ballsfoods.com","Manual","🥾 Kick-Start your weekend!","2024-04-12T15:04:15","17921",13,33,1,0,110,0,0.3,0,0,0,0,9,0,0,47,0,"","Sent","",0,"","Payless Discount Foods",43375470,"Payless Discount Foods","4.12.24 weekend ad","2024-04-12T17:21:43"
20767,"noreply@ballsfoods.com",47845,"2024-04-16T20:28:36","noreply@ballsfoods.com","Manual","🌷Springtime savings are here.","2024-04-16T19:50:53","17921",24,35,1,0,113,0,0.5,0,0,0,0,18,2,0,57,0,"","Sent","",0,"","Payless Discount Foods",43406807,"Payless Discount Foods","4.16.24 English Wed ad","2024-04-17T11:00:08"
20767,"noreply@ballsfoods.com",47845,"2024-04-19T16:36:57","noreply@ballsfoods.com","Manual","🥾 Kick-Start your weekend!","2024-04-19T15:11:34","17921",14,32,1,0,111,0,0.4,0,0,0,0,12,0,0,44,0,"","Sent","",0,"","Payless Discount Foods",43434489,"Payless Discount Foods","4.19.24 weekend ad","2024-04-19T16:37:00"
20767,"noreply@ballsfoods.com",47845,"2024-04-23T19:54:52","noreply@ballsfoods.com","Manual","⚾ Catch our home run savings","2024-04-23T19:37:21","17921",22,37,1,0,112,0,0.5,0,1,0,0,18,0,1,54,0,"","Sent","",0,"","Payless Discount Foods",43473573,"Payless Discount Foods","4.24.24 English Wed ad","2024-04-24T11:00:53"
20767,"noreply@ballsfoods.com",47845,"2024-04-26T18:24:52","noreply@ballsfoods.com","Manual","🥾 Kick-Start your weekend!","2024-04-26T15:05:17","17921",10,32,1,0,112,0,0.3,0,0,0,0,8,0,0,47,0,"","Sent","",0,"","Payless Discount Foods",43497208,"Payless Discount Foods","4.26.24 weekend ad","2024-04-26T18:24:54"
20767,"noreply@ballsfoods.com",47845,"2024-04-30T16:14:13","noreply@ballsfoods.com","Manual","🌮 🪅 Happy Cinco, amigos!","2024-04-30T15:46:25","17921",27,41,1,0,116,0,0.5,0,1,0,0,20,0,1,64,0,"","Sent","",0,"","Payless Discount Foods",43532334,"Payless Discount Foods","5.1.24 English Wed ad","2024-05-01T11:00:18"
20767,"noreply@ballsfoods.com",47845,"2024-05-03T16:41:35","noreply@ballsfoods.com","Manual","🥾 Kick-Start your weekend!","2024-05-03T16:20:44","17921",10,30,1,0,116,0,0.3,0,0,0,0,8,0,0,49,0,"","Sent","",0,"","Payless Discount Foods",43580050,"Payless Discount Foods","5.3.24 weekend ad","2024-05-03T16:41:36"
20767,"noreply@ballsfoods.com",47845,"2024-05-07T16:58:38","noreply@ballsfoods.com","Manual","🌺 🥐 Sunday May 12th is Mother’s Day!","2024-05-07T16:23:17","17921",21,35,1,0,119,0,0.4,0,2,0,0,14,1,1,54,0,"","Sent","",0,"","Payless Discount Foods",43640117,"Payless Discount Foods","5.8.24 English Wed ad","2024-05-08T11:00:04"
20767,"noreply@ballsfoods.com",47845,"2024-05-13T04:38:28","noreply@ballsfoods.com","Manual","🎓 Celebrate your graduate!","2024-05-13T04:18:12","17921",11,30,1,0,118,0,0.3,0,0,0,0,9,0,0,36,0,"","Sent","",0,"","Payless Discount Foods",43726793,"Payless Discount Foods","5.13.24 English Wed ad","2024-05-13T11:00:20"
20767,"noreply@ballsfoods.com",47845,"2024-05-14T21:02:03","noreply@ballsfoods.com","Manual","🍅🧅🌶️ May is National Salsa Month!","2024-05-14T19:39:21","17921",26,37,1,0,124,0,0.5,0,2,0,0,20,1,2,51,0,"","Sent","",0,"","Payless Discount Foods",43757711,"Payless Discount Foods","5.15.24 English Wed ad","2024-05-15T11:00:32"
20767,"noreply@ballsfoods.com",47845,"2024-05-17T19:49:56","noreply@ballsfoods.com","Manual","🥾 Kick-Start your weekend!","2024-05-17T16:43:28","17921",22,31,1,0,123,0,0.4,0,0,0,0,13,1,0,47,0,"","Sent","",0,"","Payless Discount Foods",43813908,"Payless Discount Foods","5.17.24 weekend ad","2024-05-17T19:50:00"
20767,"noreply@ballsfoods.com",47845,"2024-05-21T20:42:12","noreply@ballsfoods.com","Manual","🎖️ A day to remember","2024-05-21T19:45:05","17921",21,47,1,0,130,0,0.4,0,1,0,0,20,0,1,84,0,"","Sent","",0,"","Payless Discount Foods",43894285,"Payless Discount Foods","5.22.24 English Wed ad","2024-05-22T11:00:21"
20767,"noreply@ballsfoods.com",47845,"2024-05-24T19:33:21","noreply@ballsfoods.com","Manual","🥾 Kick-Start your weekend!","2024-05-24T19:18:32","17921",24,37,1,0,130,0,0.4,0,0,0,0,15,0,0,55,0,"","Sent","",0,"","Payless Discount Foods",43954623,"Payless Discount Foods","5.24.24 weekend ad","2024-05-24T19:33:22"
20767,"noreply@ballsfoods.com",47845,"2024-05-28T19:12:04","noreply@ballsfoods.com","Manual","Farm 🚜 Fresh","2024-05-28T18:44:51","17921",20,44,1,0,130,0,0.4,0,1,0,0,19,0,1,61,0,"","Sent","",0,"","Payless Discount Foods",44021988,"Payless Discount Foods","5.29.24 English Wed ad","2024-05-29T11:00:47"
20767,"noreply@ballsfoods.com",47845,"2024-05-31T21:18:50","noreply@ballsfoods.com","Manual","🥾 Kick-Start your weekend!","2024-05-31T20:32:29","17921",7,34,0,0,129,0,0.2,0,0,0,0,6,0,0,52,0,"","Sent","",0,"","Payless Discount Foods",44088405,"Payless Discount Foods","5.31.24 weekend ad","2024-05-31T21:18:51"
20767,"noreply@ballsfoods.com",47845,"2024-06-04T19:47:10","noreply@ballsfoods.com","Manual","Discover 🧀 Experience 🌿 Elevate","2024-06-04T19:22:30","17921",6,38,0,0,129,0,0.1,0,0,0,0,5,1,0,51,0,"","Sent","",0,"","Payless Discount Foods",44165347,"Payless Discount Foods","6.27.24 RMN Lactalis","2024-06-04T19:47:11"
20767,"noreply@ballsfoods.com",47845,"2024-06-04T19:21:08","noreply@ballsfoods.com","Manual","🥛🍪 Is two dunks enough?","2024-06-04T17:54:46","17921",18,38,0,0,128,0,0.3,0,0,0,0,12,0,0,53,0,"","Sent","",0,"","Payless Discount Foods",44163512,"Payless Discount Foods","6.5.24 English Wed ad","2024-06-05T11:00:09"
20767,"noreply@ballsfoods.com",47845,"2024-05-30T21:49:17","noreply@ballsfoods.com","Manual","🐾 Nutrition as nature intended.","2024-05-30T20:29:48","17921",2,37,0,0,128,0,0,0,0,0,0,1,1,0,52,0,"","Sent","",0,"","Payless Discount Foods",44068090,"Payless Discount Foods","6.6.24 RMN Purina One","2024-06-06T11:02:22"
20767,"noreply@ballsfoods.com",47845,"2024-06-06T23:03:37","noreply@ballsfoods.com","Manual","🥾 Kick-Start your weekend!","2024-06-06T22:20:39","17921",8,28,0,0,127,0,0.2,0,0,0,0,6,0,0,42,0,"","Sent","",0,"","Payless Discount Foods",44205233,"Payless Discount Foods","6.7.24 weekend ad","2024-06-07T20:00:00"
20767,"noreply@ballsfoods.com",47845,"2024-06-11T20:45:09","noreply@ballsfoods.com","Manual","👔 Celebrate Dad with love and flavor!","2024-06-11T19:45:33","17921",12,30,1,0,147,0,0.4,0,0,0,0,11,0,0,42,0,"","Sent","",0,"","Payless Discount Foods",44284763,"Payless Discount Foods","6.12.24 English Wed ad","2024-06-12T11:01:00"
20767,"noreply@ballsfoods.com",47845,"2024-06-04T20:11:11","noreply@ballsfoods.com","Manual","🥞 NEW Premier Protein Pancake Mix- with 15 grams of Protein!","2024-06-04T19:49:22","17921",4,26,1,0,127,0,0.1,0,0,0,0,3,0,0,31,0,"","Sent","",0,"","Payless Discount Foods",44165743,"Payless Discount Foods","6.13.24 RMN Hometown Save Now","2024-06-13T11:00:13"
20767,"noreply@ballsfoods.com",47845,"2024-06-14T21:44:07","noreply@ballsfoods.com","Manual","🥾 Kick-Start your weekend!","2024-06-14T21:38:02","17921",4,28,0,0,126,0,0.1,0,0,0,0,4,1,0,37,0,"","Sent","",0,"","Payless Discount Foods",44337800,"Payless Discount Foods","6.14.24 weekend ad","2024-06-14T21:44:08"
20767,"noreply@ballsfoods.com",47845,"2024-06-18T18:56:47","noreply@ballsfoods.com","Manual","🍔 Build a Better Burger","2024-06-18T18:45:14","17921",21,38,0,0,145,0,0.4,0,1,0,0,16,1,1,53,0,"","Sent","",0,"","Payless Discount Foods",44393616,"Payless Discount Foods","6.18.24 English Wed ad","2024-06-19T11:00:15"
20767,"noreply@ballsfoods.com",47845,"2024-06-18T21:33:05","noreply@ballsfoods.com","Manual","🥾 Kick-Start your weekend!","2024-06-18T21:11:56","17921",4,30,0,0,124,0,0.1,0,0,0,0,4,0,0,39,0,"","Sent","",0,"","Payless Discount Foods",44396484,"Payless Discount Foods","6.21.24 weekend ad","2024-06-21T20:00:00"
20767,"noreply@ballsfoods.com",47845,"2024-06-19T16:25:08","noreply@ballsfoods.com","Manual","🇺🇸 Cookout Essentials","2024-06-19T15:05:03","17921",20,40,0,0,144,0,0.4,0,0,0,0,14,0,0,68,0,"","Sent","",0,"","Payless Discount Foods",44408094,"Payless Discount Foods","6.26.24 English Wed ad","2024-06-26T11:00:28"
20767,"noreply@ballsfoods.com",47845,"2024-06-04T19:48:31","noreply@ballsfoods.com","Manual","Discover 🧀 Experience 🌿 Elevate","2024-06-04T19:47:46","17921",1,29,0,0,124,0,0,0,0,0,0,1,1,0,32,0,"","Sent","",0,"","Payless Discount Foods",44165729,"Payless Discount Foods","6.27.24 RMN Lactalis (Copy)","2024-06-27T11:00:17"
20767,"noreply@ballsfoods.com",47845,"2024-06-20T14:29:32","noreply@ballsfoods.com","Manual","🥾 Kick-Start your weekend!","2024-06-20T14:14:53","17921",9,30,0,0,123,0,0.2,0,0,0,0,6,0,0,38,0,"","Sent","",0,"","Payless Discount Foods",44424013,"Payless Discount Foods","6.28.24 weekend ad","2024-06-28T20:00:00"
20767,"noreply@ballsfoods.com",47845,"2024-07-05T18:22:01","noreply@ballsfoods.com","Manual","🥾 Kick-Start your weekend!","2024-07-05T16:46:22","17921",12,34,1,0,123,0,0.3,0,0,0,0,11,0,0,45,0,"","Sent","",0,"","Payless Discount Foods",44659543,"Payless Discount Foods","7.5.24 weekend ad","2024-07-05T18:22:02"
20767,"noreply@ballsfoods.com",47845,"2024-07-09T21:20:55","noreply@ballsfoods.com","Manual","😋 The great summer flavor debate","2024-07-09T21:09:47","17921",5,60,0,0,201,0,0.1,0,1,0,0,5,1,1,85,0,"","Sent","",0,"","Payless Discount Foods",44719034,"Payless Discount Foods","7.9.24 - RMN KHC Summer Grilling","2024-07-09T21:21:00"
20767,"noreply@ballsfoods.com",47845,"2024-07-09T16:58:30","noreply@ballsfoods.com","Manual","🔥 Let's get fired up!","2024-07-09T15:55:46","17921",19,50,0,0,202,0,0.3,0,0,0,0,17,2,0,74,0,"","Sent","",0,"","Payless Discount Foods",44713254,"Payless Discount Foods","7.10.24 English Wed ad","2024-07-10T11:03:20"
20767,"noreply@ballsfoods.com",47845,"2024-07-16T18:50:47","noreply@ballsfoods.com","Manual","🍃 Embrace the outdoors","2024-07-16T18:37:58","17921",17,45,0,0,200,0,0.3,0,0,0,0,14,0,0,67,0,"","Sent","",0,"","Payless Discount Foods",44841977,"Payless Discount Foods","7.17.24 English Wed ad","2024-07-17T11:00:29"
20767,"noreply@ballsfoods.com",47845,"2024-07-19T20:32:48","noreply@ballsfoods.com","Manual","🐾 AWG Purina ONE® 28-Day Challenge","2024-07-19T20:23:18","17921",3,41,0,0,198,0,0.1,0,0,0,0,3,0,0,51,0,"","Sent","",0,"","Payless Discount Foods",44910235,"Payless Discount Foods","7.19.24 - RMN Purina 28 day challenge","2024-07-19T20:32:49"
20767,"noreply@ballsfoods.com",47845,"2024-07-23T21:38:54","noreply@ballsfoods.com","Manual","✨🛒 Independent Retailer Month","2024-07-23T21:04:47","17921",24,47,1,0,229,0,0.3,0,0,0,0,16,1,0,79,0,"","Sent","",0,"","Payless Discount Foods",44992331,"Payless Discount Foods","7.24.24 English Wed ad","2024-07-24T11:00:20"
20767,"noreply@ballsfoods.com",47845,"2024-07-26T20:18:12","noreply@ballsfoods.com","Manual","🥾 Kick-Start your weekend!","2024-07-26T20:05:31","17921",9,41,0,0,225,0,0.2,0,0,0,0,7,0,0,58,0,"","Sent","",0,"","Payless Discount Foods",45020148,"Payless Discount Foods","7.26.24 weekend ad","2024-07-26T20:18:13"
20767,"noreply@ballsfoods.com",47845,"2024-07-30T18:04:54","noreply@ballsfoods.com","Manual","🥑 It's National Avocado Day!","2024-07-30T17:27:51","17921",13,48,0,0,236,0,0.2,0,0,0,0,11,0,0,70,0,"","Sent","",0,"","Payless Discount Foods",45040483,"Payless Discount Foods","7.31.24 English Wed ad","2024-07-31T11:00:16"
20767,"noreply@ballsfoods.com",47845,"2024-08-06T21:34:38","noreply@ballsfoods.com","Manual","🚸 Raise your hand if you’re ready to go Back to School","2024-08-06T20:16:05","17921",21,52,1,0,236,0,0.3,0,0,0,0,13,1,0,77,0,"","Sent","",0,"","Payless Discount Foods",45088078,"Payless Discount Foods","8.7.24 English Wed ad","2024-08-07T11:00:09"
20767,"noreply@ballsfoods.com",47845,"2024-08-07T18:29:57","noreply@ballsfoods.com","Manual","🧇 Make Mornings Fun","2024-08-07T18:23:48","17921",3,44,1,0,233,0,0,0,1,0,0,2,0,1,63,0,"","Sent","",0,"","Payless Discount Foods",45094973,"Payless Discount Foods","8.8.24 - RMN Bob Evans","2024-08-08T11:01:01"
20767,"noreply@ballsfoods.com",47845,"2024-08-12T22:43:01","noreply@ballsfoods.com","Manual","🚌 Add More Fun to School Days!","2024-08-12T22:19:21","17921",2,46,1,0,233,0,0,0,0,0,0,2,0,0,57,0,"","Sent","",0,"","Payless Discount Foods",45129611,"Payless Discount Foods","8.13.24 - RMN KHC BTS Lunchables","2024-08-13T11:00:18"
20767,"noreply@ballsfoods.com",47845,"2024-08-14T02:01:01","noreply@ballsfoods.com","Manual","🥪 Discover the secret ingredient your sandwich has been missing!","2024-08-13T20:47:04","17921",21,51,1,0,235,0,0.3,0,1,0,0,15,0,1,76,0,"","Sent","",0,"","Payless Discount Foods",45137360,"Payless Discount Foods","8.14.24 English Wed ad","2024-08-14T11:00:26"
20767,"noreply@ballsfoods.com",47845,"2024-08-14T16:15:14","noreply@ballsfoods.com","Manual","🥪 Lunchtime, Anytime!","2024-08-14T16:09:12","17921",8,44,1,0,233,0,0.2,0,0,0,0,7,0,0,58,0,"","Sent","",0,"","Payless Discount Foods",45142283,"Payless Discount Foods","8.15.24 RMN Buddig BTS","2024-08-15T11:00:09"
20767,"noreply@ballsfoods.com",47845,"2024-08-20T22:17:15","noreply@ballsfoods.com","Manual","🎒180 is the average required school days in U. S.","2024-08-20T21:02:09","17921",12,53,2,0,235,0,0.2,0,0,0,0,10,1,0,76,0,"","Sent","",0,"","Payless Discount Foods",45185919,"Payless Discount Foods","8.21.24 English Wed ad","2024-08-21T11:02:35"
20767,"noreply@ballsfoods.com",47845,"2024-08-27T19:58:55","noreply@ballsfoods.com","Manual","⛑️ 🎨 👨‍🍳 Celebrate Labor Day","2024-08-27T18:36:59","17921",21,60,1,0,262,0,0.3,0,0,0,0,19,0,0,96,0,"","Sent","",0,"","Payless Discount Foods",45222850,"Payless Discount Foods","8.28.24 English Wed ad","2024-08-28T11:00:09"
20767,"noreply@ballsfoods.com",47845,"2024-09-03T20:51:06","noreply@ballsfoods.com","Manual","🍽️ September is National Family Meals Month!","2024-09-03T19:42:54","17921",21,46,1,0,262,0,0.3,0,0,0,0,13,0,0,76,0,"","Sent","",0,"","Payless Discount Foods",45255436,"Payless Discount Foods","9.3.24 English Wed ad","2024-09-04T11:00:04"
20767,"noreply@ballsfoods.com",47845,"2024-09-05T20:27:16","noreply@ballsfoods.com","Manual","🥣 Kids savor. Parents save.","2024-09-05T20:20:05","17921",2,50,1,0,260,0,0,0,0,0,0,2,1,0,62,0,"","Sent","",0,"","Payless Discount Foods",45272687,"Payless Discount Foods","9.5.23 - RMN POST BTS","2024-09-05T20:27:17"
20767,"noreply@ballsfoods.com",47845,"2024-09-09T22:20:12","noreply@ballsfoods.com","Manual","🍴🏠 💵 Get More Meal for Your Money—Enjoy It at Home!","2024-09-09T22:08:31","17921",5,44,2,0,259,0,0.1,0,1,0,0,5,0,1,56,0,"","Sent","",0,"","Payless Discount Foods",45293523,"Payless Discount Foods","9.10.23 - RMN Nestle USA - Family Meals Month","2024-09-10T11:00:27"
20767,"noreply@ballsfoods.com",47845,"2024-09-11T01:54:02","noreply@ballsfoods.com","Manual","🥩 More meat to sink your teeth into","2024-09-11T01:18:21","17921",19,56,3,0,295,0,0.3,0,0,0,0,14,0,0,99,0,"","Sent","",0,"","Payless Discount Foods",45301651,"Payless Discount Foods","9.11.24 English Wed ad","2024-09-11T11:00:19"
20767,"noreply@ballsfoods.com",47845,"2024-09-11T21:48:54","noreply@ballsfoods.com","Manual","🍽️ 🎭  Dinnertime Drama?","2024-09-11T21:34:50","17921",3,44,2,0,292,0,0.1,0,0,1,0,3,1,0,58,0,"","Sent","",0,"","Payless Discount Foods",45307509,"Payless Discount Foods","9.12.23 - RMN Borden Cheese - Family Meals Month","2024-09-12T11:03:11"
20767,"noreply@ballsfoods.com",47845,"2024-09-17T22:25:13","noreply@ballsfoods.com","Manual","🪅 National Hispanic Heritage Month","2024-09-17T21:43:44","17921",13,45,1,0,292,0,0.2,0,1,0,0,11,0,1,81,0,"","Sent","",0,"","Payless Discount Foods",45349514,"Payless Discount Foods","9.18.24 English Wed ad","2024-09-18T11:00:06"
20767,"noreply@ballsfoods.com",47845,"2024-09-24T22:26:00","noreply@ballsfoods.com","Manual","😋 When life gets cheesy, eat a quesadilla","2024-09-24T20:23:13","17921",15,47,2,0,292,0,0.2,0,0,0,0,11,0,0,63,0,"","Sent","",0,"","Payless Discount Foods",45407967,"Payless Discount Foods","9.25.24 English Wed ad","2024-09-25T11:00:35"
20767,"noreply@ballsfoods.com",47845,"2024-09-26T21:19:33","noreply@ballsfoods.com","Manual","🏘️ 🍽️ Eating at Home Makes Cents!","2024-09-26T21:10:20","17921",5,50,2,0,290,0,0.1,0,0,0,0,3,1,0,70,0,"","Sent","",0,"","Payless Discount Foods",45426903,"Payless Discount Foods","9.24.23 - RMN General Mills - Family Meals Month","2024-09-26T21:19:34"
20767,"noreply@ballsfoods.com",47845,"2024-10-01T23:39:40","noreply@ballsfoods.com","Manual","🎃 Pumpkin seeds are one of the most nutritious plant-based foods!","2024-10-01T22:16:09","17921",10,51,1,0,314,0,0.2,0,0,0,0,8,0,0,77,0,"","Sent","",0,"","Payless Discount Foods",45472104,"Payless Discount Foods","10.2.24 English Wed ad","2024-10-02T11:00:06"
20767,"noreply@ballsfoods.com",47845,"2024-10-03T20:53:31","noreply@ballsfoods.com","Manual","🍝 🇮🇹 Feed your appetite for adventure.","2024-10-03T20:46:44","17921",6,53,1,0,312,0,0.1,0,0,0,0,6,1,0,78,0,"","Sent","",0,"","Payless Discount Foods",45492262,"Payless Discount Foods","10.3.23 - RMN Winland American beauty","2024-10-03T20:53:32"
20767,"noreply@ballsfoods.com",47845,"2024-10-09T02:02:21","noreply@ballsfoods.com","Manual","🍕 Pizza doesn't discriminate.","2024-10-09T00:59:49","17921",17,47,1,0,313,0,0.3,0,0,0,0,12,0,0,67,0,"","Sent","",0,"","Payless Discount Foods",45547532,"Payless Discount Foods","10.8.24 English Wed ad","2024-10-09T11:00:10"
20767,"noreply@ballsfoods.com",47845,"2024-10-15T21:03:37","noreply@ballsfoods.com","Manual","🌭 What Mustard should I put on my sausage?","2024-10-15T19:06:56","17921",14,45,0,0,313,0,0.2,0,0,0,0,9,0,0,71,0,"","Sent","",0,"","Payless Discount Foods",45624088,"Payless Discount Foods","10.16.24 English Wed ad","2024-10-16T11:00:08"
20767,"noreply@ballsfoods.com",47845,"2024-10-22T23:30:49","noreply@ballsfoods.com","Manual","🍂 Pumpkin Soup","2024-10-22T21:18:50","17921",13,45,0,0,313,0,0.2,0,0,0,0,10,0,0,75,0,"","Sent","",0,"","Payless Discount Foods",45701740,"Payless Discount Foods","10.23.24 English Wed ad","2024-10-23T11:00:16"
20767,"noreply@ballsfoods.com",47845,"2024-10-24T20:17:58","noreply@ballsfoods.com","Manual","🆕 Grilled Cheesies Lunchables—Crispy Fun for Kids","2024-10-24T20:05:23","17921",0,44,0,0,311,0,0,0,0,0,0,0,0,0,58,0,"","Sent","",0,"","Payless Discount Foods",45728603,"Payless Discount Foods","10.24.23 - RMN KHC Grilled Cheesies","2024-10-24T20:18:00"
20767,"noreply@ballsfoods.com",47845,"2024-10-29T22:53:45","noreply@ballsfoods.com","Manual","🎃 Candy corn: the kernel of Halloween goodness.","2024-10-29T20:38:35","17921",15,41,0,0,341,0,0.3,0,0,0,0,11,3,0,68,0,"","Sent","",0,"","Payless Discount Foods",45781393,"Payless Discount Foods","10.30.24 English Wed ad","2024-10-30T11:01:46"
20767,"noreply@ballsfoods.com",47845,"2024-11-05T21:22:53","noreply@ballsfoods.com","Manual","🪇 Let's spice things up!","2024-11-05T21:09:25","17921",9,57,0,0,336,0,0.1,0,1,0,0,8,0,1,74,0,"","Sent","",0,"","Payless Discount Foods",45869614,"Payless Discount Foods","11.5.24 - RMN KHC Mezco","2024-11-05T21:22:54"
20767,"noreply@ballsfoods.com",47845,"2024-11-05T21:08:41","noreply@ballsfoods.com","Manual","🌮🎉 Celebrate National Nachos Day","2024-11-05T19:25:51","17921",16,49,0,0,338,0,0.3,0,0,0,0,13,1,0,84,0,"","Sent","",0,"","Payless Discount Foods",45867875,"Payless Discount Foods","11.6.24 English Wed ad","2024-11-06T12:00:07"
20767,"noreply@ballsfoods.com",47845,"2024-11-12T23:28:08","noreply@ballsfoods.com","Manual","🦃 We’re all giving thanks for YOU this holiday season!","2024-11-12T21:10:51","17921",25,52,0,0,337,0,0.3,0,0,1,0,17,2,0,82,0,"","Sent","",0,"","Payless Discount Foods",45984267,"Payless Discount Foods","11.13.24 English Wed ad","2024-11-13T12:00:15"
20767,"noreply@ballsfoods.com",47845,"2024-11-19T21:47:22","noreply@ballsfoods.com","Manual","🇲🇽 Stuffing for Thanksgiving with a twist","2024-11-19T20:21:39","17921",12,58,2,0,368,0,0.2,0,0,1,0,10,2,0,74,0,"","Sent","",0,"","Payless Discount Foods",46092782,"Payless Discount Foods","11.20.24 English Wed ad","2024-11-20T12:01:15"
20767,"noreply@ballsfoods.com",47845,"2024-12-04T01:49:39","noreply@ballsfoods.com","Manual","C is for c🍪🍪kies!","2024-12-03T23:35:50","17921",15,42,2,0,367,0,0.2,0,1,0,0,9,1,1,71,0,"","Sent","",0,"","Payless Discount Foods",46391119,"Payless Discount Foods","12.4.24 English Wed ad","2024-12-04T12:00:35"
20767,"noreply@ballsfoods.com",47845,"2024-12-04T18:05:42","noreply@ballsfoods.com","Manual","🍮 Make Your Holidays Deliciously Unforgettable","2024-12-04T17:45:32","17921",1,39,2,0,364,0,0,0,0,0,0,1,1,0,50,0,"","Sent","",0,"","Payless Discount Foods",46406006,"Payless Discount Foods","12.5.24 - RMN KHC Holiday","2024-12-05T12:00:25"
20767,"noreply@ballsfoods.com",47845,"2024-12-10T22:42:43","noreply@ballsfoods.com","Manual","🎄14 Days left until Christmas!","2024-12-10T21:41:45","17921",21,48,2,0,364,0,0.3,0,1,0,0,14,0,1,86,0,"","Sent","",0,"","Payless Discount Foods",46546364,"Payless Discount Foods","12.11.24 English Wed ad","2024-12-11T12:00:15"
20767,"noreply@ballsfoods.com",47845,"2024-12-12T18:39:00","noreply@ballsfoods.com","Manual","🧑🏼‍🎄🍪 Bring Hershey's Magic to Your Holiday Treats – Save $1.00 Now!","2024-12-12T18:33:02","17921",2,48,2,0,362,0,0,0,0,0,0,1,0,0,85,0,"","Sent","",0,"","Payless Discount Foods",46589795,"Payless Discount Foods","12.12.24 - RMN Hersheys holiday baking","2024-12-12T18:39:01"
20767,"noreply@ballsfoods.com",47845,"2024-12-18T05:31:33","noreply@ballsfoods.com","Manual","🔔 Holiday Essentials","2024-12-18T02:23:55","17921",22,51,4,0,364,0,0.3,0,1,0,0,14,1,1,73,0,"","Sent","",0,"","Payless Discount Foods",46710114,"Payless Discount Foods","12.18.24 English Wed ad","2024-12-18T12:01:08"
20767,"noreply@ballsfoods.com",47845,"2025-01-01T23:33:27","noreply@ballsfoods.com","Manual","🪩 Happy New Year!","2025-01-01T23:14:15","17921",22,70,1,0,361,0,0.2,0,1,0,0,17,1,1,102,0,"","Sent","",0,"","Payless Discount Foods",47028650,"Payless Discount Foods","1.1.25 English Wed ad","2025-01-01T23:33:30"
20767,"noreply@ballsfoods.com",47845,"2025-01-07T20:16:32","noreply@ballsfoods.com","Manual","Why English Toffee?","2025-01-07T17:33:32","17921",20,76,1,0,426,0,0.2,0,1,0,0,18,2,1,95,0,"","Sent","",0,"","Payless Discount Foods",47154940,"Payless Discount Foods","1.8.25 English Wed ad","2025-01-08T12:00:12"
20767,"noreply@ballsfoods.com",47845,"2024-12-13T22:47:52","noreply@ballsfoods.com","Manual","🍇 Bold Flavor with Zero Compromises Starts with Welch’s​","2024-12-13T18:48:20","17921",4,60,1,0,423,0,0.1,0,1,0,0,4,0,1,81,0,"","Sent","",0,"","Payless Discount Foods",46613399,"Payless Discount Foods","1.19.25 - RMN Welch's","2025-01-09T12:00:20"
20767,"noreply@ballsfoods.com",47845,"2025-01-14T21:02:23","noreply@ballsfoods.com","Manual","🥯 Have a bagel!","2025-01-14T19:35:16","17921",14,66,0,0,423,0,0.2,0,1,0,0,13,1,1,93,0,"","Sent","",0,"","Payless Discount Foods",47304012,"Payless Discount Foods","1.15.25 English Wed ad","2025-01-15T12:00:28"
20767,"noreply@ballsfoods.com",47845,"2025-01-21T17:41:26","noreply@ballsfoods.com","Manual","😳 🔥 Foods That Go Well With Hot Sauce","2025-01-21T16:51:44","17921",25,55,1,0,440,0,0.3,0,2,0,0,18,0,1,87,0,"","Sent","",0,"","Payless Discount Foods",47451045,"Payless Discount Foods","1.22.25 English Wed ad","2025-01-22T12:00:22"
20767,"noreply@ballsfoods.com",47845,"2025-01-28T19:17:02","noreply@ballsfoods.com","Manual","🏈 Feed Your Game Day!","2025-01-28T19:02:11","17921",7,59,1,0,438,0,0.1,0,3,0,0,5,0,3,89,0,"","Sent","",0,"","Payless Discount Foods",47615906,"Payless Discount Foods","1.28.25 - RMN General Mills - Super Bowl","2025-01-28T19:17:03"
20767,"noreply@ballsfoods.com",47845,"2025-01-28T17:16:20","noreply@ballsfoods.com","Manual","🌽 Corn Chip Crunch Time","2025-01-28T16:52:07","17921",22,60,1,0,440,0,0.3,0,2,1,0,17,2,1,85,0,"","Sent","",0,"","Payless Discount Foods",47613391,"Payless Discount Foods","1.29.25 English Wed ad","2025-01-29T12:00:13"
20767,"noreply@ballsfoods.com",47845,"2025-02-05T01:15:18","noreply@ballsfoods.com","Manual","🏈 What is the spread for the game?","2025-02-05T00:22:00","17921",14,63,1,0,438,0,0.2,0,2,0,0,13,1,2,96,0,"","Sent","",0,"","Payless Discount Foods",47781681,"Payless Discount Foods","2.5.25 English Wed ad","2025-02-05T12:00:34"
20767,"noreply@ballsfoods.com",47845,"2025-02-12T00:33:09","noreply@ballsfoods.com","Manual","Surprise your sweetheart❣️","2025-02-11T21:04:10","17921",19,71,1,0,437,0,0.2,0,2,0,0,13,2,1,101,0,"","Sent","",0,"","Payless Discount Foods",47935026,"Payless Discount Foods","2.12.25 English Wed ad","2025-02-12T12:00:25"
20767,"noreply@ballsfoods.com",47845,"2025-02-18T21:36:55","noreply@ballsfoods.com","Manual","🍫 Mint Hot ☕ Chocolate","2025-02-18T19:29:54","17921",13,61,1,0,467,0,0.1,0,2,0,0,8,2,1,79,0,"","Sent","",0,"","Payless Discount Foods",48082582,"Payless Discount Foods","2.19.25 English Wed ad","2025-02-19T12:00:24"
20767,"noreply@ballsfoods.com",47845,"2025-02-25T21:51:06","noreply@ballsfoods.com","Manual","Shell-ebrate with pistachios. 🌰","2025-02-25T21:03:55","17921",20,68,2,0,464,0,0.2,0,2,0,0,16,1,1,92,0,"","Sent","",0,"","Payless Discount Foods",48248830,"Payless Discount Foods","2.26.25 English Wed ad","2025-02-26T12:00:25"
20767,"noreply@ballsfoods.com",47845,"2025-03-04T19:59:23","noreply@ballsfoods.com","Manual","♰ Ash Wednesday is Here!","2025-03-04T19:51:22","17921",30,70,1,0,462,0,0.4,0,1,0,0,27,1,1,110,0,"","Sent","",0,"","Payless Discount Foods",48411990,"Payless Discount Foods","3.5.25 English Wed ad","2025-03-05T12:00:19"
20767,"noreply@ballsfoods.com",47845,"2025-03-10T17:11:08","noreply@ballsfoods.com","Manual","Waking up is better with OREO®.","2025-03-10T17:06:36","17921",0,63,2,0,459,0,0,0,1,0,0,0,0,1,74,0,"","Sent","",0,"","Payless Discount Foods",48534845,"Payless Discount Foods","3.10.25 - RMN Post - Oreo Puffs","2025-03-10T17:11:09"
20767,"noreply@ballsfoods.com",47845,"2025-03-11T19:25:40","noreply@ballsfoods.com","Manual","☘️ Happy St. Patrick's Day","2025-03-11T19:19:09","17921",31,68,2,0,461,0,0.4,0,18,0,0,24,0,1,95,0,"","Sent","",0,"","Payless Discount Foods",48551836,"Payless Discount Foods","3.12.25 English Wed ad","2025-03-12T11:00:21"
20767,"noreply@ballsfoods.com",47845,"2025-03-10T17:56:20","noreply@ballsfoods.com","Manual","Chill out and enjoy these delicious frozen products from Nestle!","2025-03-10T17:52:10","17921",17,55,1,0,458,0,0.2,0,6,0,0,11,1,1,79,0,"","Sent","",0,"","Payless Discount Foods",48535454,"Payless Discount Foods","3.13.25 - RMN Nestle - Frozen Food Month","2025-03-13T11:01:25"
20767,"noreply@ballsfoods.com",47845,"2025-03-26T03:11:44","noreply@ballsfoods.com","Manual","🏀 Bracket Ready Buys","2025-03-26T03:08:02","17921",32,68,0,0,459,0,0.4,0,1,0,0,25,1,1,88,0,"","Sent","",0,"","Payless Discount Foods",48766038,"Payless Discount Foods","3.26.25 English Wed ad","2025-03-26T11:00:12"
20767,"noreply@ballsfoods.com",47845,"2025-04-01T20:58:33","noreply@ballsfoods.com","Manual","🏀 The Final Frenzy","2025-04-01T20:54:18","17921",36,58,0,0,458,0,0.3,0,5,0,0,16,1,2,117,0,"","Sent","",0,"","Payless Discount Foods",48856927,"Payless Discount Foods","4.2.25 English Wed ad","2025-04-02T11:02:55"
20767,"noreply@ballsfoods.com",47845,"2025-04-08T19:04:38","noreply@ballsfoods.com","Manual","🍓 Save on the flavors of Spring!","2025-04-08T18:25:26","17921",22,64,4,0,505,0,0.3,0,5,0,0,20,1,1,85,0,"","Sent","",0,"","Payless Discount Foods",48951067,"Payless Discount Foods","4.9.25 English Wed ad","2025-04-09T11:00:30"
20767,"noreply@ballsfoods.com",47845,"2025-04-15T19:18:14","noreply@ballsfoods.com","Manual","🐇🌷 Hoppin' Deals","2025-04-15T19:02:49","17921",23,67,2,0,503,0,0.3,0,3,0,0,18,0,2,94,0,"","Sent","",0,"","Payless Discount Foods",49046323,"Payless Discount Foods","4.16.25 English Wed ad","2025-04-16T11:00:12"
20767,"noreply@ballsfoods.com",47845,"2025-04-22T23:04:27","noreply@ballsfoods.com","Manual","🐇🌷 Hoppin' Deals","2025-04-22T22:45:39","17921",32,72,4,0,503,0,0.4,0,2,0,0,27,2,2,99,0,"","Sent","",0,"","Payless Discount Foods",49147728,"Payless Discount Foods","4.23.25 English Wed ad","2025-04-23T11:00:30"
20767,"noreply@ballsfoods.com",47845,"2025-04-29T23:47:33","noreply@ballsfoods.com","Manual","🥑 Holy Guacamole!","2025-04-29T23:42:56","17921",27,75,4,0,501,0,0.3,0,1,0,0,20,1,1,112,0,"","Sent","",0,"","Payless Discount Foods",49254556,"Payless Discount Foods","4.30.25 English Wed ad","2025-04-30T11:00:14"
20767,"noreply@ballsfoods.com",47845,"2025-05-05T18:32:14","noreply@ballsfoods.com","Manual","💐 Happy Mothers Day!","2025-05-05T18:26:22","17921",21,60,4,0,531,0,0.2,0,1,0,0,13,0,1,80,0,"","Sent","",0,"","Payless Discount Foods",49348172,"Payless Discount Foods","5.7.25 English Wed ad","2025-05-07T11:00:11"
20767,"noreply@ballsfoods.com",51146,"2025-05-09T21:30:59","noreply@ballsfoods.com","Manual","🥣 Craving something extraordinary?","2025-05-09T21:20:01","17921",5,61,0,0,525,0,0.1,0,1,0,0,4,0,1,76,0,"","Sent","",0,"","Payless Discount Foods",49410600,"Payless Discount Foods","5.9.25 - RMN Post - Honey Bunches of Oats","2025-05-09T23:00:04"
20767,"noreply@ballsfoods.com",47845,"2025-05-13T20:54:47","noreply@ballsfoods.com","Manual","🌷 Spring Big buys!","2025-05-13T20:50:58","17921",22,82,0,0,527,0,0.2,0,2,0,0,18,1,2,109,0,"","Sent","",0,"","Payless Discount Foods",49467993,"Payless Discount Foods","5.14.25 English Wed ad","2025-05-14T11:00:21"
20767,"noreply@ballsfoods.com",51146,"2025-05-09T20:44:44","noreply@ballsfoods.com","Manual","🐈 Step it up","2025-05-09T20:15:31","17921",1,66,0,0,524,0,0,0,1,0,0,1,0,1,76,0,"","Sent","",0,"","Payless Discount Foods",49410380,"Payless Discount Foods","5.15.25 - RMN Clorox Fresh Step Litter","2025-05-15T11:00:39"
20767,"noreply@ballsfoods.com",47845,"2025-05-20T22:08:03","noreply@ballsfoods.com","Manual","Memorial Day 🇺🇸 Remember and Honor","2025-05-20T22:03:45","17921",28,69,0,0,526,0,0.3,0,1,0,0,21,0,1,95,0,"","Sent","",0,"","Payless Discount Foods",49588100,"Payless Discount Foods","5.21.25 English Wed ad","2025-05-21T11:00:09"
20767,"noreply@ballsfoods.com",47845,"2025-05-27T19:24:49","noreply@ballsfoods.com","Manual","🌱 Spring Savings","2025-05-27T19:20:19","17921",21,62,2,0,526,0,0.2,0,1,0,0,13,0,1,78,0,"","Sent","",0,"","Payless Discount Foods",49696291,"Payless Discount Foods","5.28.25 English Wed ad","2025-05-28T11:00:27"
20767,"noreply@ballsfoods.com",47845,"2025-06-03T18:50:17","noreply@ballsfoods.com","Manual","☀️ Sunny Day Deals!","2025-06-03T18:32:11","17921",19,72,4,0,555,0,0.3,0,1,0,0,18,0,1,101,0,"","Sent","",0,"","Payless Discount Foods",49830054,"Payless Discount Foods","6.4.25 English Wed ad","2025-06-04T11:00:47"
20767,"noreply@ballsfoods.com",47845,"2025-06-10T21:36:59","noreply@ballsfoods.com","Manual","👔 Happy Father's Day!","2025-06-10T21:23:34","17921",18,71,4,0,555,0,0.2,0,1,0,0,14,2,1,89,0,"","Sent","",0,"","Payless Discount Foods",49957899,"Payless Discount Foods","6.11.25 English Wed ad","2025-06-11T11:00:29"
20767,"noreply@ballsfoods.com",47845,"2025-06-17T21:40:02","noreply@ballsfoods.com","Manual","Hello 🍉 Summer","2025-06-17T21:35:52","17921",20,83,6,0,586,0,0.2,0,1,0,0,16,1,1,112,0,"","Sent","",0,"","Payless Discount Foods",50083243,"Payless Discount Foods","6.18.25 English Wed ad","2025-06-18T11:03:11"
20767,"noreply@ballsfoods.com",47845,"2025-06-24T21:16:30","noreply@ballsfoods.com","Manual","🗽 Red White & BBQ","2025-06-24T21:12:35","17921",30,78,4,0,584,0,0.2,0,1,0,0,19,5,1,112,0,"","Sent","",0,"","Payless Discount Foods",50207307,"Payless Discount Foods","6.25.25 English Wed ad","2025-06-25T11:00:32"
20767,"noreply@ballsfoods.com",47845,"2025-07-09T03:17:16","noreply@ballsfoods.com","Manual","🥗 Fresh Summer Savings","2025-07-09T03:14:16","17921",19,68,3,0,579,0,0.2,0,1,0,0,14,3,1,96,0,"","Sent","",0,"","Payless Discount Foods",50414995,"Payless Discount Foods","7.9.25 English Wed ad","2025-07-09T11:00:26"
20767,"noreply@ballsfoods.com",47845,"2025-07-15T22:24:13","noreply@ballsfoods.com","Manual","☀️ Sizzling Hot Deals","2025-07-15T21:58:54","17921",31,94,3,0,634,0,0.3,0,3,0,0,27,3,2,144,0,"","Sent","",0,"","Payless Discount Foods",50523273,"Payless Discount Foods","7.16.25 English Wed ad","2025-07-16T11:00:26"
20767,"noreply@ballsfoods.com",47845,"2025-07-22T20:54:44","noreply@ballsfoods.com","Manual","🥩 Summer BBQ Time!","2025-07-22T20:01:55","17921",21,85,5,0,632,0,0.2,0,2,0,0,15,3,2,122,0,"","Sent","",0,"","Payless Discount Foods",50632113,"Payless Discount Foods","7.23.25 English Wed ad","2025-07-23T11:00:28"
20767,"noreply@ballsfoods.com",47845,"2025-07-29T19:34:52","noreply@ballsfoods.com","Manual","🚌 Back to School Savings!","2025-07-29T19:25:51","17921",20,91,5,0,632,0,0.2,0,4,0,0,17,5,2,129,0,"","Sent","",0,"","Payless Discount Foods",50733575,"Payless Discount Foods","7.30.25 English Wed ad","2025-07-30T11:00:30"
20767,"noreply@ballsfoods.com",51146,"2025-07-23T19:21:24","noreply@ballsfoods.com","Manual","Snack's on us! 🍪","2025-07-23T19:12:42","17921",2,78,6,0,629,0,0,0,3,0,0,2,6,2,103,0,"","Sent","",0,"","Payless Discount Foods",50647368,"Payless Discount Foods","7.31.25 - RMN General Mills - Back to School","2025-07-31T12:00:20"
20767,"noreply@ballsfoods.com",47845,"2025-08-05T20:23:42","noreply@ballsfoods.com","Manual","🎒 RU Ready? - Back to School","2025-08-05T20:06:32","17921",14,72,4,0,628,0,0.1,0,2,0,0,9,4,2,98,0,"","Sent","",0,"","Payless Discount Foods",50822578,"Payless Discount Foods","8.6.25 English Wed ad","2025-08-06T11:03:22"
20767,"noreply@ballsfoods.com",51146,"2025-08-05T18:19:36","noreply@ballsfoods.com","Manual","Kill Germs, Not Vibes This School Year 🧼","2025-08-05T18:13:43","17921",9,75,3,0,624,0,0.1,0,3,0,0,4,6,2,91,0,"","Sent","",0,"","Payless Discount Foods",50820587,"Payless Discount Foods","8.7.25 - RMN Clorox - Back-to-School","2025-08-07T12:00:09"
20767,"noreply@ballsfoods.com",47845,"2025-08-12T22:18:39","noreply@ballsfoods.com","Manual","☀️ Summer Savings","2025-08-12T22:08:49","17921",24,83,3,0,622,0,0.2,0,2,0,0,20,4,2,126,0,"","Sent","",0,"","Payless Discount Foods",50916657,"Payless Discount Foods","8.13.25 English Wed ad","2025-08-13T11:00:51"
20767,"noreply@ballsfoods.com",47845,"2025-08-19T21:58:54","noreply@ballsfoods.com","Manual","🌭 End of Summer Savings","2025-08-19T21:55:56","17921",24,76,2,0,622,0,0.3,0,4,0,0,22,4,2,115,0,"","Sent","",0,"","Payless Discount Foods",51001059,"Payless Discount Foods","8.20.25 English Wed ad","2025-08-20T11:00:16"
20767,"noreply@ballsfoods.com",51146,"2025-08-20T18:54:39","noreply@ballsfoods.com","Manual","Try More Tasty Ways to Ranch! 😋","2025-08-20T18:48:08","17921",6,74,1,0,618,0,0.1,0,3,0,0,6,7,2,92,0,"","Sent","",0,"","Payless Discount Foods",51011412,"Payless Discount Foods","8.26.25 - RMN Clorox - Hidden Valley Ranch","2025-08-26T22:00:01"
20767,"noreply@ballsfoods.com",47845,"2025-08-26T20:07:17","noreply@ballsfoods.com","Manual","🧺 Labor Day Sale","2025-08-26T20:04:08","17921",43,95,1,0,618,0,0.4,0,3,0,0,39,4,2,126,0,"","Sent","",0,"","Payless Discount Foods",51082743,"Payless Discount Foods","8.27.25 English Wed ad","2025-08-27T11:01:01"
20767,"noreply@ballsfoods.com",47845,"2025-09-03T04:14:09","noreply@ballsfoods.com","Manual","🍽️ Join the Family Meals Movement","2025-09-03T04:10:20","17921",32,77,0,0,617,0,0.2,0,3,0,0,14,3,2,108,0,"","Sent","",0,"","Payless Discount Foods",51158216,"Payless Discount Foods","9.3.25 English Wed ad","2025-09-03T11:00:20"
20767,"noreply@ballsfoods.com",51146,"2025-08-28T17:06:54","noreply@ballsfoods.com","Manual","Make Every Meal Special with Milo’s 🍋","2025-08-28T17:03:23","17921",5,57,0,0,615,0,0,0,2,0,0,2,4,2,66,0,"","Sent","",0,"","Payless Discount Foods",51102836,"Payless Discount Foods","9.4.25 - RMN Milo's","2025-09-04T13:00:10"
20767,"noreply@ballsfoods.com",51146,"2025-09-08T16:01:06","noreply@ballsfoods.com","Manual","Busy mornings? We’ve got a flavorful solution. 🥣","2025-09-08T15:55:39","17921",14,77,1,0,674,0,0.1,0,3,0,0,7,2,2,97,0,"","Sent","",0,"","Payless Discount Foods",51214803,"Payless Discount Foods","9.9.25 - RMN Post (Back to School)","2025-09-09T12:00:06"
20767,"noreply@ballsfoods.com",47845,"2025-09-09T22:10:35","noreply@ballsfoods.com","Manual","🌮 Family Dinner Fiesta!","2025-09-09T22:04:59","17921",38,82,2,0,676,0,0.3,0,5,0,0,22,2,4,107,0,"","Sent","",0,"","Payless Discount Foods",51227429,"Payless Discount Foods","9.10.25 English Wed ad","2025-09-10T11:00:12"
20767,"noreply@ballsfoods.com",51146,"2025-09-15T19:32:39","noreply@ballsfoods.com","Manual","Kraft Mac & Cheese—Now in a Bigger 11oz Box! 🧀","2025-09-15T19:27:06","17921",5,76,3,0,673,0,0,0,2,0,0,3,3,2,96,0,"","Sent","",0,"","Payless Discount Foods",51289643,"Payless Discount Foods","9.16.25 RMN - Kraft Heinz Family Meals Month","2025-09-16T12:00:11"
20767,"noreply@ballsfoods.com",47845,"2025-09-16T22:31:06","noreply@ballsfoods.com","Manual","🍝 Italian Family Night!","2025-09-16T22:27:12","17921",48,78,3,0,674,0,0.3,0,3,0,0,24,2,2,124,0,"","Sent","",0,"","Payless Discount Foods",51304206,"Payless Discount Foods","9.17.25 English Wed ad","2025-09-17T11:00:12"
20767,"noreply@ballsfoods.com",51146,"2025-09-17T17:36:18","noreply@ballsfoods.com","Manual","Quick Weeknight Enchiladas with Old El Paso! 🌮","2025-09-17T17:31:02","17921",12,75,3,0,672,0,0.1,0,2,0,0,8,3,2,94,0,"","Sent","",0,"","Payless Discount Foods",51312688,"Payless Discount Foods","9.18.25 RMN - General Mills Family Meals Month","2025-09-18T12:00:06"
20767,"noreply@ballsfoods.com",47845,"2025-09-23T20:55:07","noreply@ballsfoods.com","Manual","🍳 Family Breakfast","2025-09-23T20:52:08","17921",29,80,1,0,672,0,0.3,0,4,0,0,20,2,3,107,0,"","Sent","",0,"","Payless Discount Foods",51393700,"Payless Discount Foods","9.24.25 English Wed ad","2025-09-24T11:00:16"
20767,"noreply@ballsfoods.com",47845,"2025-10-01T00:17:33","noreply@ballsfoods.com","Manual","🍁 Fall Fresh Favorites","2025-09-30T23:12:38","17921",31,79,0,0,670,0,0.3,0,2,0,0,26,3,2,111,0,"","Sent","",0,"","Payless Discount Foods",51482616,"Payless Discount Foods","10.01.25 English Wed ad","2025-10-01T11:00:12"
20767,"noreply@ballsfoods.com",47845,"2025-10-07T22:41:17","noreply@ballsfoods.com","Manual","🥄 Seasonal Flavor-ites","2025-10-07T22:33:11","17921",21,76,0,0,669,0,0.3,0,2,0,0,19,0,2,122,0,"","Sent","",0,"","Payless Discount Foods",51577375,"Payless Discount Foods","10.08.25 English Wed ad","2025-10-08T11:00:28"
